price_per_sq_ft,price,location,bedrooms,city_name,floors,address,land_area_unit
6268,6500000,"26.8470235312322,75.6691182562127",2,Jaipur,,"Jaipur, Rajasthan",12850
3299,4800000,"26.8352503,75.8243427",3,Jaipur,11,"Jaipur, Rajasthan",
2632,1500000,"26.8682798,75.6964405",2,Jaipur,2,"Jaipur, Rajasthan",
6316,6000000,"26.9243332,75.6941208",3,Jaipur,,"Jaipur, Rajasthan",
4405,3700000,"26.9055379678002,75.7429135866542",2,Jaipur,9,"Jaipur, Rajasthan",
3590,3500000,"26.89496,75.7112",3,Jaipur,3,"Jaipur, Rajasthan",
4802,8600000,"26.805681,75.809019",3,Jaipur,17,"Jaipur, Rajasthan",
4130,7600000,"26.86151806,75.76476624",3,Jaipur,9,"Jaipur, Rajasthan",
7075,7500000,"26.8352503,75.8243427",2,Jaipur,11,"Jaipur, Rajasthan",
4500,4500000,"26.911164072066,75.6790446427625",3,Jaipur,3,"Jaipur, Rajasthan",
,5000000,"26.88336,75.77286",3,Jaipur,2,"Jaipur, Rajasthan",
11111,20000000,"26.9244633,75.7627222",3,Jaipur,1,"Jaipur, Rajasthan",
4000,4000000,"26.839983,75.795806",2,Jaipur,,"Jaipur, Rajasthan",
4296,5800000,"26.86641735,75.72097807",3,Jaipur,4,"Jaipur, Rajasthan",
3478,4000000,"26.83422,75.750047",3,Jaipur,4,"Jaipur, Rajasthan",
4906,6000000,"26.965878,75.722763",3,Jaipur,,"Jaipur, Rajasthan",
3630,2650000,"26.8682798,75.6964405",3,Jaipur,8,"Jaipur, Rajasthan",
16478,17500000,"26.8422152464787,75.8254343028884",3,Jaipur,,"Jaipur, Rajasthan",
4259,4400000,"26.800997,75.7509577",2,Jaipur,19,"Jaipur, Rajasthan",
2606,3000000,"26.89383667,75.74725485",2,Jaipur,13,"Jaipur, Rajasthan",
5317,6700000,"26.8571264,75.8127199",2,Jaipur,4,"Jaipur, Rajasthan",
3101,4400000,"26.89383667,75.74725485",3,Jaipur,14,"Jaipur, Rajasthan",
5223,6900000,"26.86151806,75.76476624",2,Jaipur,10,"Jaipur, Rajasthan",
2433,1825000,,2,Jaipur,,"Jaipur, Rajasthan",
5419,5500000,"26.8571264,75.8127199",2,Jaipur,12,"Jaipur, Rajasthan",
2917,4200000,"26.86151806,75.76476624",3,Jaipur,5,"Jaipur, Rajasthan",
3200,4800000,"26.93983,75.73331",3,Jaipur,3,"Jaipur, Rajasthan",
3565,4100000,"26.8352503,75.8243427",3,Jaipur,2,"Jaipur, Rajasthan",
12296,39900000,,3,Jaipur,9,"Jaipur, Rajasthan",
2515,3840000,"26.89383667,75.74725485",3,Jaipur,,"Jaipur, Rajasthan",
2892,4000000,,3,Jaipur,6,"Jaipur, Rajasthan",
5261,6850000,"26.867008685097826,75.7459348379632",3,Jaipur,6,"Jaipur, Rajasthan",
5588,9500000,"26.8361697,75.7909247",3,Jaipur,4,"Jaipur, Rajasthan",
3602,3800000,"26.8280887,75.6926803",2,Jaipur,10,"Jaipur, Rajasthan",
9367,14500000,"26.8352503,75.8243427",3,Jaipur,3,"Jaipur, Rajasthan",
9714,17000000,"26.92237743,75.79930155",3,Jaipur,4,"Jaipur, Rajasthan",
8582,8900000,"26.9159729,75.7400563",2,Jaipur,18,"Jaipur, Rajasthan",
8100,13770000,"26.931266,75.7909247",3,Jaipur,6,"Jaipur, Rajasthan",
4400,6600000,"26.9159729,75.7400563",3,Jaipur,6,"Jaipur, Rajasthan",
4091,4500000,"26.9085886,75.7411215",2,Jaipur,2,"Jaipur, Rajasthan",
5000,5300000,"26.86151806,75.76476624",3,Jaipur,11,"Jaipur, Rajasthan",
6769,11000000,"26.88659441,75.7465714",3,Jaipur,6,"Jaipur, Rajasthan",
3714,5200000,"26.990038,75.764569",3,Jaipur,2,"Jaipur, Rajasthan",
16000,20000000,"26.9142962096324,75.7337275652852",2,Jaipur,,"Jaipur, Rajasthan",
8631,14500000,"26.909987013136103,75.79952611414278",3,Jaipur,4,"Jaipur, Rajasthan",
4310,6000000,"26.959730073386115,75.67099472069755",3,Jaipur,,"Jaipur, Rajasthan",12850
3863,6200000,"26.8352503,75.8243427",3,Jaipur,7,"Jaipur, Rajasthan",
7673,12500000,"26.8352503,75.8243427",3,Jaipur,16,"Jaipur, Rajasthan",
8621,14000000,"26.86151806,75.76476624",3,Jaipur,14,"Jaipur, Rajasthan",
5444,9800000,"26.86151806,75.76476624",3,Jaipur,13,"Jaipur, Rajasthan",
5008,6300000,"26.8352503,75.8243427",3,Jaipur,42,"Jaipur, Rajasthan",
4375,3500000,"26.931266,75.7909247",2,Jaipur,3,"Jaipur, Rajasthan",
4063,2950000,"26.89383667,75.74725485",2,Jaipur,11,"Jaipur, Rajasthan",
14932,34000000,"26.8811906,75.7872919",3,Jaipur,,"Jaipur, Rajasthan",
4611,4150000,"26.89383667,75.74725485",2,Jaipur,2,"Jaipur, Rajasthan",
4231,5500000,"26.8358733,75.7880184",3,Jaipur,4,"Jaipur, Rajasthan",
6211,4000000,"26.89383667,75.74725485",3,Jaipur,11,"Jaipur, Rajasthan",
9935,10700000,"26.8352503,75.8243427",2,Jaipur,16,"Jaipur, Rajasthan",
6552,9500000,"26.931266,75.7909247",3,Jaipur,4,"Jaipur, Rajasthan",
2647,2779000,"26.959730073386115,75.67099472069755",2,Jaipur,4,"Jaipur, Rajasthan",
6613,4100000,"26.842829,75.899998",3,Jaipur,,"Jaipur, Rajasthan",
,8500000,"26.89383667,75.74725485",3,Jaipur,,"Jaipur, Rajasthan",
4533,3300000,"26.8352503,75.8243427",2,Jaipur,12,"Jaipur, Rajasthan",
8210,15000000,"26.8392751796733,75.7938066504221",3,Jaipur,,"Jaipur, Rajasthan",12850
7991,17300000,"26.8950764,75.8316064",3,Jaipur,5,"Jaipur, Rajasthan",
7692,15500000,"26.84743,75.786081",3,Jaipur,3,"Jaipur, Rajasthan",12851
3333,4200000,"26.9159729,75.7400563",3,Jaipur,4,"Jaipur, Rajasthan",
4857,6800000,"26.83422,75.750047",3,Jaipur,6,"Jaipur, Rajasthan",
6432,13700000,"26.8352503,75.8243427",3,Jaipur,14,"Jaipur, Rajasthan",
2970,4900000,"26.8682798,75.6964405",3,Jaipur,3,"Jaipur, Rajasthan",
16111,14500000,"26.8352503,75.8243427",3,Jaipur,,"Jaipur, Rajasthan",12850
5500,9900000,"26.9159729,75.7400563",3,Jaipur,,"Jaipur, Rajasthan",12851
4410,7100000,"26.8352503,75.8243427",3,Jaipur,11,"Jaipur, Rajasthan",
5100,7476600,"26.9159729,75.7400563",3,Jaipur,12,"Jaipur, Rajasthan",
3368,3200000,"26.9159729,75.7400563",2,Jaipur,5,"Jaipur, Rajasthan",
8333,15000000,"26.8352503,75.8243427",3,Jaipur,,"Jaipur, Rajasthan",12850
17969,57500000,"26.9159729,75.7400563",3,Jaipur,,"Jaipur, Rajasthan",12850
3330,3330000,"26.9124165,75.7872879",3,Jaipur,,"Jaipur, Rajasthan",
3333,3600000,"26.9124165,75.7872879",3,Jaipur,,"Jaipur, Rajasthan",
3327,5240000,"26.9040768,75.7416917",3,Jaipur,,"Jaipur, Rajasthan",
1443,1660000,"26.9040768,75.7416917",2,Jaipur,,"Jaipur, Rajasthan",
1447,2170000,"26.8386621,75.7988697",3,Jaipur,,"Jaipur, Rajasthan",
7253,12330000,"26.8386621,75.7988697",3,Jaipur,,"Jaipur, Rajasthan",
1443,1660000,"26.9625602,75.7800259",3,Jaipur,,"Jaipur, Rajasthan",
4455,4500000,"26.85382,75.74466",3,Jaipur,9,"Jaipur, Rajasthan",
6243,5500000,"26.96389,75.79537",2,Jaipur,12,"Jaipur, Rajasthan",
,1150000,"26.959730073386115,75.67099472069755",3,Jaipur,3,"Jaipur, Rajasthan",
2609,3000000,"26.827328,75.761849",2,Jaipur,4,"Jaipur, Rajasthan",
3818,4200000,"26.83914,75.74713",2,Jaipur,4,"Jaipur, Rajasthan",
3442,3700000,"26.9243332,75.6941208",3,Jaipur,3,"Jaipur, Rajasthan",
1083,1300000,"26.95908,75.69633",2,Jaipur,3,"Jaipur, Rajasthan",
2583,3100000,"26.9124165,75.7872879",3,Jaipur,,"Jaipur, Rajasthan",
4625,3700000,"26.966317,75.65771",2,Jaipur,,"Jaipur, Rajasthan",
9545,10500000,"26.89383667,75.74725485",3,Jaipur,,"Jaipur, Rajasthan",
1446,2140000,"26.8361697,75.7909247",3,Jaipur,,"Jaipur, Rajasthan",
1444,2310000,"26.9545155,75.7647661",3,Jaipur,,"Jaipur, Rajasthan",
3330,5810000,"26.9545155,75.7647661",3,Jaipur,,"Jaipur, Rajasthan",
3330,9580000,"26.89695078,75.80417468",3,Jaipur,,"Jaipur, Rajasthan",
3332,6230000,"26.89695078,75.80417468",3,Jaipur,,"Jaipur, Rajasthan",
3330,3330000,"26.8548458,75.7683087",2,Jaipur,,"Jaipur, Rajasthan",
3331,4830000,"26.8640648,75.8065445",3,Jaipur,,"Jaipur, Rajasthan",
,2330000,"26.875632,75.81014",2,Jaipur,,"Jaipur, Rajasthan",
1443,2020000,"26.9124165,75.7872879",3,Jaipur,,"Jaipur, Rajasthan",
,4990000,"26.9168849,75.793227",3,Jaipur,,"Jaipur, Rajasthan",
3326,4340000,"26.9173519,75.8575713",3,Jaipur,,"Jaipur, Rajasthan",
5169,4600000,"26.83422,75.750047",2,Jaipur,18,"Jaipur, Rajasthan",
3000,3000000,"26.953312,75.7109806",3,Jaipur,3,"Jaipur, Rajasthan",
6364,7000000,"26.8571264,75.8127199",2,Jaipur,3,"Jaipur, Rajasthan",
,2400000,"26.89383667,75.74725485",3,Jaipur,11,"Jaipur, Rajasthan",
548,850000,"26.83422,75.750047",3,Jaipur,10,"Jaipur, Rajasthan",
3103,4500000,"26.962415,75.684175",3,Jaipur,,"Jaipur, Rajasthan",
3556,3200000,"26.8580401,75.7792992",2,Jaipur,,"Jaipur, Rajasthan",
6000,2700000,"26.96312519,75.93279138",2,Jaipur,1,"Jaipur, Rajasthan",
6579,7500000,"26.9455675,75.8040022",2,Jaipur,8,"Jaipur, Rajasthan",
2917,3500000,"26.8115984918789,75.8254190491089",3,Jaipur,2,"Jaipur, Rajasthan",
4875,8000000,"26.86151806,75.76476624",3,Jaipur,,"Jaipur, Rajasthan",
,3370000,,2,Jaipur,3,"Jaipur, Rajasthan",
3331,5330000,"26.8436247,75.8197189",3,Jaipur,,"Jaipur, Rajasthan",
4083,4900000,"26.8117314054352,75.840099363152",2,Jaipur,13,"Jaipur, Rajasthan",
3329,5530000,"26.9023566,75.7934979",3,Jaipur,,"Jaipur, Rajasthan",
3329,7990000,"26.9023566,75.7934979",3,Jaipur,,"Jaipur, Rajasthan",
3333,4000000,"26.8841504,75.7821335",3,Jaipur,,"Jaipur, Rajasthan",
3327,5210000,"26.8841504,75.7821335",2,Jaipur,,"Jaipur, Rajasthan",
3330,3330000,"26.8841504,75.7821335",2,Jaipur,,"Jaipur, Rajasthan",
3327,3660000,"26.8841504,75.7821335",3,Jaipur,,"Jaipur, Rajasthan",
,4990000,"26.868489,75.794961",3,Jaipur,,"Jaipur, Rajasthan",
6075,5000000,"26.4639155,75.2026879",2,Jaipur,9,"Jaipur, Rajasthan",
11405,21100000,"26.94070439,75.77099548",3,Jaipur,4,"Jaipur, Rajasthan",
4091,4500000,"26.8895447,75.7633127",2,Jaipur,2,"Jaipur, Rajasthan",
1441,1540000,"26.9023566,75.7934979",3,Jaipur,,"Jaipur, Rajasthan",
3325,2660000,"26.818175,75.806637",2,Jaipur,,"Jaipur, Rajasthan",
3328,5990000,"26.818175,75.806637",3,Jaipur,,"Jaipur, Rajasthan",
1446,2090000,"26.8374931,75.8089042",3,Jaipur,,"Jaipur, Rajasthan",
3333,2700000,"26.868489,75.794961",3,Jaipur,,"Jaipur, Rajasthan",
3329,2330000,"26.868489,75.794961",2,Jaipur,,"Jaipur, Rajasthan",
5284,2700000,"26.83422,75.750047",3,Jaipur,,"Jaipur, Rajasthan",
3329,4660000,"26.8964575,75.7790567",3,Jaipur,,"Jaipur, Rajasthan",
,1500000,"26.80824967,75.81450516",2,Jaipur,13,"Jaipur, Rajasthan",
3331,4830000,"26.9912764928901,75.7723023175827",3,Jaipur,,"Jaipur, Rajasthan",
3328,5740000,"26.9912764928901,75.7723023175827",3,Jaipur,,"Jaipur, Rajasthan",
4866,2900000,"26.9159729,75.7400563",2,Jaipur,14,"Jaipur, Rajasthan",
3333,4250000,"26.84193,75.73571",2,Jaipur,,"Jaipur, Rajasthan",
3333,4200000,"26.91033,75.73254",3,Jaipur,,"Jaipur, Rajasthan",
3330,3330000,"26.91033,75.73254",3,Jaipur,,"Jaipur, Rajasthan",
3327,5240000,"26.91033,75.73254",3,Jaipur,,"Jaipur, Rajasthan",
3427,5140000,"26.96468,75.71705",3,Jaipur,,"Jaipur, Rajasthan",
3327,3660000,"26.93591,75.75164",3,Jaipur,,"Jaipur, Rajasthan",
3328,5990000,"26.92465,75.75454",3,Jaipur,,"Jaipur, Rajasthan",
3331,5330000,"26.89268,75.74837",3,Jaipur,,"Jaipur, Rajasthan",
3328,5990000,"26.89268,75.74837",3,Jaipur,,"Jaipur, Rajasthan",
3329,4760000,"26.89268,75.74837",3,Jaipur,,"Jaipur, Rajasthan",
5000,11000000,"26.9159729,75.7400563",3,Jaipur,,"Jaipur, Rajasthan",
3327,3260000,"26.99855,75.75199",3,Jaipur,,"Jaipur, Rajasthan",
3331,5330000,"26.99855,75.75199",3,Jaipur,,"Jaipur, Rajasthan",
1444,3970000,"26.8662,75.7853",3,Jaipur,,"Jaipur, Rajasthan",
3427,3770000,"26.84702,75.73604",3,Jaipur,,"Jaipur, Rajasthan",
3326,4490000,"26.890017706433,75.7222664707256",3,Jaipur,,"Jaipur, Rajasthan",
1446,1880000,"26.84193,75.73571",3,Jaipur,,"Jaipur, Rajasthan",
3330,3330000,"26.84193,75.73571",2,Jaipur,,"Jaipur, Rajasthan",
3330,6660000,"26.91033,75.73254",3,Jaipur,,"Jaipur, Rajasthan",
3750,3000000,"26.8124274317482,75.8215437353783",2,Jaipur,2,"Jaipur, Rajasthan",
1447,2170000,"26.91033,75.73254",3,Jaipur,,"Jaipur, Rajasthan",
1440,1440000,"26.80406,75.85357",3,Jaipur,,"Jaipur, Rajasthan",
1447,890000,"26.94181,75.83897",2,Jaipur,,"Jaipur, Rajasthan",
,4160000,"26.88948,75.77176",3,Jaipur,,"Jaipur, Rajasthan",
3326,4490000,"26.88948,75.77176",3,Jaipur,,"Jaipur, Rajasthan",
3329,5660000,"26.88948,75.77176",3,Jaipur,,"Jaipur, Rajasthan",
3329,5260000,"26.85417,75.78442",3,Jaipur,,"Jaipur, Rajasthan",
3328,5990000,"26.85417,75.78442",3,Jaipur,,"Jaipur, Rajasthan",
3329,2330000,"26.85417,75.78442",2,Jaipur,,"Jaipur, Rajasthan",
3327,4990000,"26.85417,75.78442",3,Jaipur,,"Jaipur, Rajasthan",
3333,4270000,"26.85152,75.79741",3,Jaipur,,"Jaipur, Rajasthan",
3332,6330000,"26.85152,75.79741",3,Jaipur,,"Jaipur, Rajasthan",
3329,5160000,"26.89268,75.74837",3,Jaipur,,"Jaipur, Rajasthan",
3704,4000000,"26.9159729,75.7400563",2,Jaipur,9,"Jaipur, Rajasthan",
7220,16000000,"26.924966899772,75.8361119909372",3,Jaipur,4,"Jaipur, Rajasthan",
5000,2500000,"26.89383667,75.74725485",2,Jaipur,3,"Jaipur, Rajasthan",
3329,5060000,"26.904607,75.821818",3,Jaipur,,"Jaipur, Rajasthan",
5185,7000000,"26.94070439,75.77099548",3,Jaipur,3,"Jaipur, Rajasthan",
4375,3500000,"26.7991815243469,75.8251466669273",2,Jaipur,,"Jaipur, Rajasthan",
3887,2200000,,2,Jaipur,11,"Jaipur, Rajasthan",
2135,3800000,,3,Jaipur,,"Jaipur, Rajasthan",
1442,1730000,"26.8964454,75.7814791",3,Jaipur,,"Jaipur, Rajasthan",
1446,1880000,"26.8964454,75.7814791",3,Jaipur,,"Jaipur, Rajasthan",
5422,9000000,"26.9159729,75.7400563",3,Jaipur,3,"Jaipur, Rajasthan",
11111,35000000,"26.86151806,75.76476624",3,Jaipur,1,"Jaipur, Rajasthan",
4123,2350000,"26.83422,75.750047",2,Jaipur,11,"Jaipur, Rajasthan",
4221,2900000,"26.9159729,75.7400563",2,Jaipur,12,"Jaipur, Rajasthan",
1444,1820000,"26.9293837,75.7444172",2,Jaipur,,"Jaipur, Rajasthan",
1443,1890000,"26.9293837,75.7444172",3,Jaipur,,"Jaipur, Rajasthan",
3425,4110000,"27.4963934,76.0649359",2,Jaipur,,"Jaipur, Rajasthan",
1444,3900000,"27.4963934,76.0649359",3,Jaipur,,"Jaipur, Rajasthan",
1447,3540000,"27.4963934,76.0649359",3,Jaipur,,"Jaipur, Rajasthan",
3333,1170000,"26.8983146,75.7469609",2,Jaipur,,"Jaipur, Rajasthan",12851
1607,1125000,"26.8682798,75.6964405",2,Jaipur,4,"Jaipur, Rajasthan",
5000,7500000,"26.9243332,75.6941208",3,Jaipur,,"Jaipur, Rajasthan",
8105,21000000,"26.8352503,75.8243427",3,Jaipur,6,"Jaipur, Rajasthan",
7929,11100000,"26.86151806,75.76476624",3,Jaipur,2,"Jaipur, Rajasthan",
3168,6500000,"26.89383667,75.74725485",3,Jaipur,3,"Jaipur, Rajasthan",
5376,6500000,"26.8136232,75.5998013",2,Jaipur,12,"Jaipur, Rajasthan",
11714,8200000,"26.8352503,75.8243427",3,Jaipur,1,"Jaipur, Rajasthan",
3327,5600000,"26.9767101,75.6586295",2,Jaipur,,"Jaipur, Rajasthan",
6545,7200000,"26.8571264,75.8127199",3,Jaipur,2,"Jaipur, Rajasthan",
2444,2200000,"26.811201,75.7831719",2,Jaipur,3,"Jaipur, Rajasthan",
1444,2600000,"26.9067222,75.7438402",3,Jaipur,,"Jaipur, Rajasthan",
,4990000,"26.9124165,75.7872879",3,Jaipur,,"Jaipur, Rajasthan",
8027,12000000,"26.94070439,75.77099548",3,Jaipur,4,"Jaipur, Rajasthan",
3328,4410000,"26.9007144111794,75.7455796912307",2,Jaipur,,"Jaipur, Rajasthan",
1444,2600000,"26.9007144111794,75.7455796912307",3,Jaipur,,"Jaipur, Rajasthan",
1444,1950000,"26.9007144111794,75.7455796912307",3,Jaipur,,"Jaipur, Rajasthan",
3575,4190000,"26.8392751796733,75.7938066504221",2,Jaipur,14,"Jaipur, Rajasthan",
4731,8000000,"26.89383667,75.74725485",3,Jaipur,12,"Jaipur, Rajasthan",
4502,5600000,"26.8864535,75.7268645",3,Jaipur,6,"Jaipur, Rajasthan",
3326,4490000,"26.9040768,75.7416917",2,Jaipur,,"Jaipur, Rajasthan",
1446,2530000,"26.8386621,75.7988697",3,Jaipur,,"Jaipur, Rajasthan",
3333,2760000,"26.9124165,75.7872879",3,Jaipur,,"Jaipur, Rajasthan",
3674,3490000,"26.9055379678002,75.7429135866542",2,Jaipur,6,"Jaipur, Rajasthan",
3333,4000000,"26.8829804,75.7929343",3,Jaipur,,"Jaipur, Rajasthan",
2168,420000,,2,Jaipur,,"Jaipur, Rajasthan",
6684,12500000,"26.89383667,75.74725485",3,Jaipur,10,"Jaipur, Rajasthan",
3154,4100000,"26.86641735,75.72097807",3,Jaipur,3,"Jaipur, Rajasthan",
7083,5100000,"26.976962317886,75.6584935756668",3,Jaipur,,"Jaipur, Rajasthan",
5147,7000000,"26.88659441,75.7465714",2,Jaipur,4,"Jaipur, Rajasthan",
4924,4200000,"26.8280887,75.6926803",3,Jaipur,11,"Jaipur, Rajasthan",
7000,7700000,"26.8229054598493,75.8217165509586",2,Jaipur,,"Jaipur, Rajasthan",
3357,3800000,"26.9243332,75.6941208",2,Jaipur,12,"Jaipur, Rajasthan",
3333,5000000,"26.89383667,75.74725485",3,Jaipur,14,"Jaipur, Rajasthan",
4091,4500000,"26.990038,75.764569",3,Jaipur,3,"Jaipur, Rajasthan",
3894,2500000,"26.811201,75.7831719",2,Jaipur,22,"Jaipur, Rajasthan",
2588,2200000,"26.959730073386115,75.67099472069755",2,Jaipur,1,"Jaipur, Rajasthan",
3477,7000000,"26.89383667,75.74725485",3,Jaipur,,"Jaipur, Rajasthan",
3833,2300000,"26.8352503,75.8243427",2,Jaipur,5,"Jaipur, Rajasthan",
4870,6000000,"26.990038,75.764569",2,Jaipur,11,"Jaipur, Rajasthan",
2667,2800000,"26.8352503,75.8243427",2,Jaipur,9,"Jaipur, Rajasthan",
4587,6500000,"26.890017706433,75.7222664707256",3,Jaipur,6,"Jaipur, Rajasthan",
8571,12000000,"26.888662,75.834096",2,Jaipur,6,"Jaipur, Rajasthan",
2133,3200000,"26.937563,75.763271",3,Jaipur,3,"Jaipur, Rajasthan",
3333,2000000,"26.898767,75.71424",2,Jaipur,3,"Jaipur, Rajasthan",
2432,2250000,"26.9257676,75.8246686",2,Jaipur,11,"Jaipur, Rajasthan",
2444,2200000,"26.9124165,75.7872879",2,Jaipur,3,"Jaipur, Rajasthan",
3944,2800000,"26.8682798,75.6964405",3,Jaipur,3,"Jaipur, Rajasthan",
3571,3600000,"26.8280887,75.6926803",2,Jaipur,9,"Jaipur, Rajasthan",
5500,5500000,"26.89383667,75.74725485",2,Jaipur,,"Jaipur, Rajasthan",12850
4758,6000000,"26.805681,75.809019",3,Jaipur,9,"Jaipur, Rajasthan",
5528,5500000,"26.86151806,75.76476624",2,Jaipur,6,"Jaipur, Rajasthan",
2551,1500000,"26.7934312499946,75.851256357672",2,Jaipur,4,"Jaipur, Rajasthan",
5250,10500000,"26.9455675,75.8040022",3,Jaipur,5,"Jaipur, Rajasthan",
14352,31000000,"26.9455675,75.8040022",3,Jaipur,,"Jaipur, Rajasthan",
6429,4500000,"26.838654,75.763251",2,Jaipur,3,"Jaipur, Rajasthan",
3329,4960000,"26.875935,75.869462",3,Jaipur,,"Jaipur, Rajasthan",
4016,4650000,"26.86151806,75.76476624",3,Jaipur,3,"Jaipur, Rajasthan",
3333,790000,"26.8264714,75.7881385",2,Jaipur,,"Jaipur, Rajasthan",
3327,3660000,"26.8264714,75.7881385",3,Jaipur,,"Jaipur, Rajasthan",
,4990000,"26.8117314054352,75.840099363152",3,Jaipur,,"Jaipur, Rajasthan",
5000,5500000,"26.8791559,75.7814791",3,Jaipur,3,"Jaipur, Rajasthan",
2326,3500000,"26.8193204,75.7776166",3,Jaipur,5,"Jaipur, Rajasthan",
3648,5300000,"26.843018,75.747455",3,Jaipur,3,"Jaipur, Rajasthan",
5722,9000000,"26.9159729,75.7400563",3,Jaipur,14,"Jaipur, Rajasthan",
,8700000,"26.9243332,75.6941208",3,Jaipur,4,"Jaipur, Rajasthan",
3327,1800000,"26.8352503,75.8243427",2,Jaipur,5,"Jaipur, Rajasthan",
2909,3200000,"26.880065,75.71979",2,Jaipur,4,"Jaipur, Rajasthan",
3647,3100000,"26.8352503,75.8243427",2,Jaipur,3,"Jaipur, Rajasthan",
2941,2500000,"26.7985475989176,75.8459738122808",2,Jaipur,4,"Jaipur, Rajasthan",
4455,4500000,"26.9243332,75.6941208",2,Jaipur,2,"Jaipur, Rajasthan",
9474,18000000,"26.88908031,75.80866051",3,Jaipur,12,"Jaipur, Rajasthan",
3667,4400000,"26.83422,75.750047",2,Jaipur,3,"Jaipur, Rajasthan",
3158,3000000,"26.87638,75.70694",2,Jaipur,3,"Jaipur, Rajasthan",
,9500000,,3,Jaipur,3,"Jaipur, Rajasthan",
5896,7500000,"26.9159729,75.7400563",2,Jaipur,15,"Jaipur, Rajasthan",
3500,4200000,,2,Jaipur,9,"Jaipur, Rajasthan",
6373,6500000,"26.907622,75.7851121",2,Jaipur,5,"Jaipur, Rajasthan",
4052,2500000,"26.9159729,75.7400563",2,Jaipur,12,"Jaipur, Rajasthan",
2804,3800000,"26.86151806,75.76476624",3,Jaipur,6,"Jaipur, Rajasthan",
2791,3210000,"26.90065,75.73181",3,Jaipur,,"Jaipur, Rajasthan",
2420,2800000,"26.89383667,75.74725485",3,Jaipur,13,"Jaipur, Rajasthan",
4444,4000000,"26.8950764,75.8316064",2,Jaipur,4,"Jaipur, Rajasthan",
2557,3800000,"26.83422,75.750047",2,Jaipur,9,"Jaipur, Rajasthan",
5045,11100000,"26.9243332,75.6941208",3,Jaipur,,"Jaipur, Rajasthan",
14957,35000000,"26.8352503,75.8243427",3,Jaipur,,"Jaipur, Rajasthan",
2308,1800000,"26.965878,75.722763",2,Jaipur,2,"Jaipur, Rajasthan",
4300,12900000,"26.9159729,75.7400563",3,Jaipur,,"Jaipur, Rajasthan",
4444,5000000,"26.8198607068787,75.7805261303887",2,Jaipur,10,"Jaipur, Rajasthan",
4000,3000000,"26.8280887,75.6926803",2,Jaipur,4,"Jaipur, Rajasthan",
4722,4750000,"26.83422,75.750047",3,Jaipur,9,"Jaipur, Rajasthan",
6061,6000000,"26.9243332,75.6941208",3,Jaipur,,"Jaipur, Rajasthan",
13200,6600000,"26.93283061,75.81783341",3,Jaipur,,"Jaipur, Rajasthan",
6114,7000000,"26.8670830737855,75.7522000704673",2,Jaipur,9,"Jaipur, Rajasthan",
3667,5500000,"26.8352503,75.8243427",3,Jaipur,9,"Jaipur, Rajasthan",
13333,45000000,,3,Jaipur,,"Jaipur, Rajasthan",12851
6500,7800000,"26.9159729,75.7400563",3,Jaipur,,"Jaipur, Rajasthan",
5000,6000000,"26.8494766,75.8083612",2,Jaipur,13,"Jaipur, Rajasthan",
4630,6000000,"26.9159729,75.7400563",3,Jaipur,6,"Jaipur, Rajasthan",
5683,8950000,"26.89383667,75.74725485",3,Jaipur,13,"Jaipur, Rajasthan",
3991,3400000,"26.9421714,75.755713",2,Jaipur,4,"Jaipur, Rajasthan",
5333,6000000,"26.9455675,75.8040022",3,Jaipur,2,"Jaipur, Rajasthan",12851
4276,3600000,"26.86151806,75.76476624",2,Jaipur,9,"Jaipur, Rajasthan",
3400,3400000,"26.7985475989176,75.8459738122808",2,Jaipur,4,"Jaipur, Rajasthan",
20325,25000000,"26.9159729,75.7400563",3,Jaipur,,"Jaipur, Rajasthan",12850
3961,3450000,"26.9159729,75.7400563",3,Jaipur,14,"Jaipur, Rajasthan",
,4900000,"26.80824967,75.81450516",2,Jaipur,1,"Jaipur, Rajasthan",
3500,3500000,"26.8416228038378,75.7400220409571",2,Jaipur,4,"Jaipur, Rajasthan",
3331,5330000,"26.90085152,75.74559422",3,Jaipur,,"Jaipur, Rajasthan",
3329,5410000,"26.90085152,75.74559422",3,Jaipur,,"Jaipur, Rajasthan",
1444,2310000,"26.90085152,75.74559422",3,Jaipur,,"Jaipur, Rajasthan",
3000,3000000,"26.83422,75.750047",2,Jaipur,2,"Jaipur, Rajasthan",
2357,3500000,"26.86972,75.74061",2,Jaipur,3,"Jaipur, Rajasthan",
3812,3240000,"26.9159729,75.7400563",2,Jaipur,5,"Jaipur, Rajasthan",
1633,2450000,"26.8392751796733,75.7938066504221",3,Jaipur,2,"Jaipur, Rajasthan",
,4600000,"26.9243332,75.6941208",3,Jaipur,10,"Jaipur, Rajasthan",
9556,12900000,"26.9243332,75.6941208",3,Jaipur,,"Jaipur, Rajasthan",
8889,16000000,"26.950243,75.7792992",2,Jaipur,,"Jaipur, Rajasthan",
4333,6500000,"26.9037975,75.7829323",3,Jaipur,3,"Jaipur, Rajasthan",
4122,4600000,"26.990038,75.764569",3,Jaipur,3,"Jaipur, Rajasthan",
2830,2400000,"26.80796,75.85496",2,Jaipur,10,"Jaipur, Rajasthan",
9596,9500000,"26.950243,75.7792992",3,Jaipur,,"Jaipur, Rajasthan",
3365,7000000,"26.8343899,75.7734862",3,Jaipur,4,"Jaipur, Rajasthan",
3500,4900000,"26.9126927,75.7713062",3,Jaipur,3,"Jaipur, Rajasthan",
8889,8000000,"26.9305449,75.8403224",2,Jaipur,,"Jaipur, Rajasthan",12851
3429,3000000,"26.80824967,75.81450516",2,Jaipur,4,"Jaipur, Rajasthan",
2133,3200000,"26.9421714,75.755713",2,Jaipur,4,"Jaipur, Rajasthan",
5000,5475000,"26.9085886,75.7411215",2,Jaipur,4,"Jaipur, Rajasthan",
3696,8500000,"26.9085886,75.7411215",3,Jaipur,4,"Jaipur, Rajasthan",
7500,10500000,"26.9243332,75.6941208",3,Jaipur,,"Jaipur, Rajasthan",12850
3333,3750000,"27.1871378,77.9836794",3,Jaipur,,"Jaipur, Rajasthan",
3328,4160000,"26.9625602,75.7800259",3,Jaipur,,"Jaipur, Rajasthan",
4343,6080000,"26.90065,75.73181",3,Jaipur,3,"Jaipur, Rajasthan",
13548,10500000,"26.80824967,75.81450516",3,Jaipur,,"Jaipur, Rajasthan",
4000,4600000,"26.86972,75.74061",2,Jaipur,5,"Jaipur, Rajasthan",
3583,4300000,"26.990038,75.764569",3,Jaipur,2,"Jaipur, Rajasthan",
1917,2300000,"26.959730073386115,75.67099472069755",3,Jaipur,,"Jaipur, Rajasthan",
6667,10000000,"26.88659441,75.7465714",3,Jaipur,5,"Jaipur, Rajasthan",
2667,2000000,"27.167244,75.7175782",2,Jaipur,4,"Jaipur, Rajasthan",
,3500000,"26.843018,75.747455",2,Jaipur,4,"Jaipur, Rajasthan",
2261,2600000,"26.959730073386115,75.67099472069755",3,Jaipur,3,"Jaipur, Rajasthan",
2550,5100000,"26.9397163,75.7809526",3,Jaipur,9,"Jaipur, Rajasthan",
14857,26000000,"26.8849268997101,75.7535574562038",3,Jaipur,,"Jaipur, Rajasthan",
3800,3800000,"26.8494766,75.8083612",2,Jaipur,3,"Jaipur, Rajasthan",
,3000000,"26.9529416,75.7496858",3,Jaipur,1,"Jaipur, Rajasthan",
3622,2300000,"26.9397163,75.7809526",2,Jaipur,13,"Jaipur, Rajasthan",
3400,1690000,"26.9397163,75.7809526",2,Jaipur,12,"Jaipur, Rajasthan",
3596,1690000,"26.9397163,75.7809526",2,Jaipur,13,"Jaipur, Rajasthan",
3286,2300000,"26.9397163,75.7809526",2,Jaipur,13,"Jaipur, Rajasthan",
2309,1300000,,2,Jaipur,8,"Jaipur, Rajasthan",
6624,3100000,"26.962415,75.684175",3,Jaipur,,"Jaipur, Rajasthan",
3756,4800000,"26.9529416,75.7496858",3,Jaipur,,"Jaipur, Rajasthan",
3333,3000000,"26.8352503,75.8243427",2,Jaipur,3,"Jaipur, Rajasthan",
3886,4500000,"26.86151806,75.76476624",3,Jaipur,4,"Jaipur, Rajasthan",
3393,2850000,"26.8352503,75.8243427",2,Jaipur,11,"Jaipur, Rajasthan",
,6200000,,2,Jaipur,4,"Jaipur, Rajasthan",
5103,7200000,"26.8571264,75.8127199",3,Jaipur,12,"Jaipur, Rajasthan",
,9500000,,3,Jaipur,3,"Jaipur, Rajasthan",
7973,11800000,"26.9159729,75.7400563",3,Jaipur,12,"Jaipur, Rajasthan",
,7000000,"26.9159729,75.7400563",3,Jaipur,2,"Jaipur, Rajasthan",
6723,16000000,"26.8984568,75.8294273",3,Jaipur,5,"Jaipur, Rajasthan",
7826,18000000,"26.8950764,75.8316064",3,Jaipur,5,"Jaipur, Rajasthan",
2308,3000000,"26.86151806,75.76476624",3,Jaipur,10,"Jaipur, Rajasthan",
3438,5500000,"26.990038,75.764569",3,Jaipur,2,"Jaipur, Rajasthan",
5000,8000000,"26.9397163,75.7809526",3,Jaipur,11,"Jaipur, Rajasthan",
8436,11000000,"26.88908031,75.80866051",3,Jaipur,3,"Jaipur, Rajasthan",
1667,2000000,"26.7093206,75.8958344",2,Jaipur,9,"Jaipur, Rajasthan",
5000,10000000,"26.9055379678002,75.7429135866542",3,Jaipur,,"Jaipur, Rajasthan",
3281,4200000,"26.843018,75.747455",3,Jaipur,4,"Jaipur, Rajasthan",
162,130000,,2,Jaipur,3,"Jaipur, Rajasthan",
4000,3200000,"26.9356,75.73992",2,Jaipur,1,"Jaipur, Rajasthan",
3482,2890000,"26.8352503,75.8243427",2,Jaipur,9,"Jaipur, Rajasthan",
5870,8500000,"26.8950764,75.8316064",3,Jaipur,3,"Jaipur, Rajasthan",
3111,4200000,"26.8352503,75.8243427",3,Jaipur,4,"Jaipur, Rajasthan",
3024,1890000,"26.83422,75.750047",2,Jaipur,6,"Jaipur, Rajasthan",
4878,4000000,"26.8352503,75.8243427",2,Jaipur,8,"Jaipur, Rajasthan",
3274,2200000,"26.9397163,75.7809526",2,Jaipur,13,"Jaipur, Rajasthan",
,3100000,"26.9159729,75.7400563",2,Jaipur,4,"Jaipur, Rajasthan",
5751,6700000,"26.959730073386115,75.67099472069755",2,Jaipur,8,"Jaipur, Rajasthan",
3456,2900000,"26.89383667,75.74725485",2,Jaipur,11,"Jaipur, Rajasthan",
3692,4800000,"26.86151806,75.76476624",3,Jaipur,9,"Jaipur, Rajasthan",
7147,11900000,"26.89383667,75.74725485",3,Jaipur,13,"Jaipur, Rajasthan",
3494,2900000,"26.8210734,75.8292582",2,Jaipur,9,"Jaipur, Rajasthan",
3733,2800000,"26.9159729,75.7400563",2,Jaipur,4,"Jaipur, Rajasthan",
1667,1500000,"26.89383667,75.74725485",2,Jaipur,3,"Jaipur, Rajasthan",
1913,2200000,"26.959730073386115,75.67099472069755",3,Jaipur,3,"Jaipur, Rajasthan",
3616,4600000,"26.83422,75.750047",2,Jaipur,10,"Jaipur, Rajasthan",
3182,3500000,"26.9243332,75.6941208",3,Jaipur,3,"Jaipur, Rajasthan",
7803,12500000,"26.89383667,75.74725485",3,Jaipur,1,"Jaipur, Rajasthan",
4752,4500000,"26.83422,75.750047",2,Jaipur,,"Jaipur, Rajasthan",
450,450000,"26.9202177,75.8308801",2,Jaipur,4,"Jaipur, Rajasthan",
2020,2000000,"26.89383667,75.74725485",2,Jaipur,2,"Jaipur, Rajasthan",
5000,4000000,"26.8352503,75.8243427",2,Jaipur,7,"Jaipur, Rajasthan",
2222,2000000,"26.89383667,75.74725485",2,Jaipur,3,"Jaipur, Rajasthan",
7860,9000000,,2,Jaipur,9,"Jaipur, Rajasthan",
3164,4300000,"26.89383667,75.74725485",3,Jaipur,14,"Jaipur, Rajasthan",
2800,2800000,"26.8352503,75.8243427",2,Jaipur,11,"Jaipur, Rajasthan",
,3300000,"26.90065,75.73181",3,Jaipur,2,"Jaipur, Rajasthan",
3478,3200000,"26.89383667,75.74725485",2,Jaipur,6,"Jaipur, Rajasthan",
5000,4500000,"26.8352503,75.8243427",2,Jaipur,9,"Jaipur, Rajasthan",
5267,8000000,"26.89383667,75.74725485",3,Jaipur,12,"Jaipur, Rajasthan",
2690,4000000,"26.811201,75.7831719",2,Jaipur,10,"Jaipur, Rajasthan",
6031,7900000,"26.86151806,75.76476624",3,Jaipur,4,"Jaipur, Rajasthan",
3195,3099000,"26.9159729,75.7400563",2,Jaipur,5,"Jaipur, Rajasthan",
12012,12000000,"26.8352503,75.8243427",3,Jaipur,,"Jaipur, Rajasthan",12850
4074,11000000,"26.90065,75.73181",3,Jaipur,5,"Jaipur, Rajasthan",
6000,6000000,"26.8765505,75.7979634",3,Jaipur,3,"Jaipur, Rajasthan",
2222,3000000,"26.9151154,75.7121265",3,Jaipur,2,"Jaipur, Rajasthan",
2625,2100000,"26.937563,75.763271",2,Jaipur,3,"Jaipur, Rajasthan",
3714,6500000,"26.959730073386115,75.67099472069755",3,Jaipur,,"Jaipur, Rajasthan",
2889,2600000,"26.937563,75.763271",2,Jaipur,2,"Jaipur, Rajasthan",
2889,2600000,"26.937563,75.763271",2,Jaipur,3,"Jaipur, Rajasthan",
,8000000,"26.80824967,75.81450516",3,Jaipur,3,"Jaipur, Rajasthan",
5415,7500000,"26.80824967,75.81450516",3,Jaipur,5,"Jaipur, Rajasthan",
7200,9000000,"26.8352503,75.8243427",2,Jaipur,5,"Jaipur, Rajasthan",
3784,7000000,"26.9159729,75.7400563",3,Jaipur,2,"Jaipur, Rajasthan",
2778,5000000,"26.8352503,75.8243427",2,Jaipur,11,"Jaipur, Rajasthan",
8000,6000000,"26.8950764,75.8316064",2,Jaipur,4,"Jaipur, Rajasthan",
4059,4100000,"26.8352503,75.8243427",2,Jaipur,12,"Jaipur, Rajasthan",
,4500000,"26.7462154135825,75.8214986839173",2,Jaipur,,"Jaipur, Rajasthan",
4357,4300000,"26.8352503,75.8243427",2,Jaipur,10,"Jaipur, Rajasthan",
3333,4500000,"26.898767,75.71424",3,Jaipur,3,"Jaipur, Rajasthan",
4906,6000000,"26.80824967,75.81450516",3,Jaipur,,"Jaipur, Rajasthan",12850
3462,4500000,"26.811201,75.7831719",3,Jaipur,2,"Jaipur, Rajasthan",
4506,9800000,"26.9159729,75.7400563",3,Jaipur,,"Jaipur, Rajasthan",
3333,3500000,"26.84743,75.786081",2,Jaipur,4,"Jaipur, Rajasthan",
5900,7139000,"26.86151806,75.76476624",3,Jaipur,6,"Jaipur, Rajasthan",
14620,17500000,"26.8352503,75.8243427",3,Jaipur,,"Jaipur, Rajasthan",
3846,2500000,"26.8352503,75.8243427",2,Jaipur,4,"Jaipur, Rajasthan",
3860,4400000,"26.8352503,75.8243427",2,Jaipur,4,"Jaipur, Rajasthan",
8190,6200000,"26.8470235312322,75.6691182562127",3,Jaipur,,"Jaipur, Rajasthan",
4005,6200000,"26.8352503,75.8243427",3,Jaipur,10,"Jaipur, Rajasthan",
3793,3000000,"26.9159729,75.7400563",2,Jaipur,12,"Jaipur, Rajasthan",
4273,4700000,"26.88054471096,75.7728768831983",2,Jaipur,3,"Jaipur, Rajasthan",
3067,2300000,"26.80824967,75.81450516",2,Jaipur,3,"Jaipur, Rajasthan",
7500,12000000,"26.80824967,75.81450516",3,Jaipur,12,"Jaipur, Rajasthan",
3571,5000000,"26.83422,75.750047",3,Jaipur,4,"Jaipur, Rajasthan",
4138,6000000,"26.9529416,75.7496858",3,Jaipur,9,"Jaipur, Rajasthan",
4211,4000000,"26.898767,75.71424",2,Jaipur,9,"Jaipur, Rajasthan",
,6500000,"26.8864535,75.7268645",3,Jaipur,6,"Jaipur, Rajasthan",
,1900000,"26.83422,75.750047",2,Jaipur,8,"Jaipur, Rajasthan",
5125,8200000,"26.7753377,75.8026844",3,Jaipur,,"Jaipur, Rajasthan",
6842,13000000,"26.9159729,75.7400563",3,Jaipur,6,"Jaipur, Rajasthan",
2727,3000000,"26.86151806,75.76476624",2,Jaipur,4,"Jaipur, Rajasthan",
4556,4100000,"26.83422,75.750047",2,Jaipur,12,"Jaipur, Rajasthan",
3333,4500000,"26.9055379678002,75.7429135866542",3,Jaipur,6,"Jaipur, Rajasthan",
7000,13300000,"26.924966899772,75.8361119909372",3,Jaipur,4,"Jaipur, Rajasthan",
6646,10500000,"26.89383667,75.74725485",3,Jaipur,13,"Jaipur, Rajasthan",
3913,4500000,"26.827328,75.761849",3,Jaipur,3,"Jaipur, Rajasthan",
4138,6000000,"26.9025614,75.7356953",3,Jaipur,3,"Jaipur, Rajasthan",
13131,13000000,"26.89383667,75.74725485",3,Jaipur,,"Jaipur, Rajasthan",
2556,2300000,"26.8691908,75.7539668",2,Jaipur,10,"Jaipur, Rajasthan",
6667,8000000,"26.9159729,75.7400563",3,Jaipur,7,"Jaipur, Rajasthan",
6154,8000000,"26.86151806,75.76476624",3,Jaipur,7,"Jaipur, Rajasthan",
1500,1800000,"26.959730073386115,75.67099472069755",3,Jaipur,3,"Jaipur, Rajasthan",
2642,3500000,"26.8392751796733,75.7938066504221",2,Jaipur,8,"Jaipur, Rajasthan",
3667,5500000,,3,Jaipur,2,"Jaipur, Rajasthan",
2581,1600000,"26.8682798,75.6964405",2,Jaipur,3,"Jaipur, Rajasthan",
5792,13900000,"26.90420651,75.82168317",3,Jaipur,5,"Jaipur, Rajasthan",
3792,3375000,"26.83422,75.750047",2,Jaipur,12,"Jaipur, Rajasthan",
1556,1400000,"26.89383667,75.74725485",2,Jaipur,5,"Jaipur, Rajasthan",
3034,4400000,"26.9697132,75.7528252",3,Jaipur,,"Jaipur, Rajasthan",
4695,4000000,"26.83422,75.750047",2,Jaipur,19,"Jaipur, Rajasthan",
3103,4500000,"26.9256173,75.6572493",3,Jaipur,,"Jaipur, Rajasthan",
4793,8700000,"26.80824967,75.81450516",3,Jaipur,12,"Jaipur, Rajasthan",
440,550000,,3,Jaipur,3,"Jaipur, Rajasthan",
4667,7000000,"26.83422,75.750047",3,Jaipur,14,"Jaipur, Rajasthan",
4900,9800000,"26.9159729,75.7400563",3,Jaipur,2,"Jaipur, Rajasthan",
,3000000,"26.86972,75.74061",2,Jaipur,3,"Jaipur, Rajasthan",
2822,1600000,"26.89383667,75.74725485",2,Jaipur,4,"Jaipur, Rajasthan",
2054,3800000,"26.7093206,75.8958344",3,Jaipur,10,"Jaipur, Rajasthan",
5176,8800000,"26.9529416,75.7496858",3,Jaipur,,"Jaipur, Rajasthan",
4902,7500000,"26.875632,75.81014",3,Jaipur,4,"Jaipur, Rajasthan",
6190,6500000,"26.8650861,75.7989167",2,Jaipur,3,"Jaipur, Rajasthan",
4231,5500000,"26.9159609,75.8032757",3,Jaipur,9,"Jaipur, Rajasthan",
6000,7500000,"26.931266,75.7909247",2,Jaipur,3,"Jaipur, Rajasthan",
7500,15000000,"27.1871378,77.9836794",3,Jaipur,,"Jaipur, Rajasthan",
6667,16000000,"26.9023566,75.7934979",3,Jaipur,7,"Jaipur, Rajasthan",
6455,6900000,"26.9023566,75.7934979",3,Jaipur,3,"Jaipur, Rajasthan",
2727,1500000,"26.8392751796733,75.7938066504221",2,Jaipur,1,"Jaipur, Rajasthan",
6775,12500000,"26.8352503,75.8243427",3,Jaipur,,"Jaipur, Rajasthan",
4111,3700000,"26.9159729,75.7400563",2,Jaipur,9,"Jaipur, Rajasthan",
2692,2700000,"26.89383667,75.74725485",2,Jaipur,8,"Jaipur, Rajasthan",
2348,2700000,"26.8392751796733,75.7938066504221",2,Jaipur,9,"Jaipur, Rajasthan",
3428,3150000,"26.89383667,75.74725485",2,Jaipur,12,"Jaipur, Rajasthan",
2927,2400000,"26.89496,75.7112",2,Jaipur,2,"Jaipur, Rajasthan",
4209,3700000,"26.88543,75.78668",3,Jaipur,4,"Jaipur, Rajasthan",
2525,4000000,"26.83422,75.750047",2,Jaipur,15,"Jaipur, Rajasthan",
2570,3100000,"26.92972,75.703118",3,Jaipur,,"Jaipur, Rajasthan",12851
1875,3000000,"26.8392751796733,75.7938066504221",3,Jaipur,7,"Jaipur, Rajasthan",
14889,6700000,"26.91942,75.82393",3,Jaipur,,"Jaipur, Rajasthan",
11636,12800000,"26.93591,75.75164",3,Jaipur,,"Jaipur, Rajasthan",
5389,9700000,"26.92465,75.75454",3,Jaipur,,"Jaipur, Rajasthan",
4091,4500000,"26.87623,75.76728",3,Jaipur,3,"Jaipur, Rajasthan",
3189,4700000,"26.990038,75.764569",3,Jaipur,2,"Jaipur, Rajasthan",
3214,4500000,"26.9243332,75.6941208",3,Jaipur,,"Jaipur, Rajasthan",
3571,3600000,"26.7093206,75.8958344",2,Jaipur,14,"Jaipur, Rajasthan",
4074,5500000,"26.8352503,75.8243427",3,Jaipur,4,"Jaipur, Rajasthan",
6667,8000000,"26.8504669647997,75.7844309295614",3,Jaipur,4,"Jaipur, Rajasthan",
2714,1650000,"26.86864,75.89022",3,Jaipur,,"Jaipur, Rajasthan",
5135,9500000,"26.90859,75.73716",3,Jaipur,3,"Jaipur, Rajasthan",
6832,11000000,"26.90859,75.73716",3,Jaipur,18,"Jaipur, Rajasthan",
4302,6500000,"26.90859,75.73716",3,Jaipur,3,"Jaipur, Rajasthan",
3133,5000000,"26.90859,75.73716",3,Jaipur,3,"Jaipur, Rajasthan",
8880,11500000,"26.86671,75.79118",2,Jaipur,,"Jaipur, Rajasthan",
3513,4500000,"26.85152,75.79741",3,Jaipur,4,"Jaipur, Rajasthan",
9211,17500000,"26.85152,75.79741",3,Jaipur,,"Jaipur, Rajasthan",